[
  {
    "id": 1,
    "book_number": null,
    "content": "Roma in Italia est. Italia in Europa est. Roma magna urbs est. Incolae Romae Romani sunt. Romani Latine loquuntur.",
    "grammar_focus": null,
    "min_xp_required": 0,
    "created_at": "2025-12-06 13:42:07.129878",
    "author_id": 2,
    "title": "Roma et Italia",
    "chapter_number": null,
    "difficulty": 1,
    "syntax_focus": null,
    "is_unlocked_by_default": true
  },
  {
    "id": 2,
    "book_number": null,
    "content": "Iulius pater est. Aemilia mater est. Marcus et Quintus filii sunt. Iulia filia est. Familia Iulii magna est. Iulius filios et filiam amat.",
    "grammar_focus": null,
    "min_xp_required": 0,
    "created_at": "2025-12-06 13:42:07.262787",
    "author_id": 2,
    "title": "Familia Rōmāna",
    "chapter_number": null,
    "difficulty": 1,
    "syntax_focus": null,
    "is_unlocked_by_default": true
  },
  {
    "id": 3,
    "book_number": null,
    "content": "Discipuli in schola sunt. Magister discipulos docet. Discipuli magistrum audiunt. Magister fabulam narrat. Discipuli fabulam audiunt et gaudent.",
    "grammar_focus": null,
    "min_xp_required": 0,
    "created_at": "2025-12-06 13:42:07.356556",
    "author_id": 3,
    "title": "Schola Latīna",
    "chapter_number": null,
    "difficulty": 1,
    "syntax_focus": null,
    "is_unlocked_by_default": true
  },
  {
    "id": 4,
    "book_number": null,
    "content": "Forum Romanum magnum est. Mercatores in foro sunt. Cives mercatoribus pecuniam dant. Mercatores civibus mercem vendunt. Forum semper plenum est.",
    "grammar_focus": null,
    "min_xp_required": 0,
    "created_at": "2025-12-06 13:42:07.444093",
    "author_id": 3,
    "title": "In Forō",
    "chapter_number": null,
    "difficulty": 1,
    "syntax_focus": null,
    "is_unlocked_by_default": true
  },
  {
    "id": 5,
    "book_number": null,
    "content": "Iuppiter rex deorum est. Iuno regina deorum est. Mars deus belli est. Venus dea amoris est. Romani multos deos colunt.",
    "grammar_focus": null,
    "min_xp_required": 0,
    "created_at": "2025-12-06 13:42:07.518434",
    "author_id": 3,
    "title": "Dē Deīs Rōmānīs",
    "chapter_number": null,
    "difficulty": 1,
    "syntax_focus": null,
    "is_unlocked_by_default": true
  },
  {
    "id": 6,
    "book_number": null,
    "content": "Iulius cenam parat. Servi cibum afferunt. Familia in triclinio cenat. Aemilia vinum miscet. Post cenam Iulius fabulam narrat.",
    "grammar_focus": null,
    "min_xp_required": 0,
    "created_at": "2025-12-06 13:42:07.599753",
    "author_id": 3,
    "title": "Cēna Rōmāna",
    "chapter_number": null,
    "difficulty": 1,
    "syntax_focus": null,
    "is_unlocked_by_default": true
  },
  {
    "id": 7,
    "book_number": null,
    "content": "Marcus cum patre Romam it. Via longa est. In via multos viatores vident. Tandem ad portam urbis perveniunt. Marcus laetus est.",
    "grammar_focus": null,
    "min_xp_required": 0,
    "created_at": "2025-12-06 13:42:07.701561",
    "author_id": 3,
    "title": "Iter ad Urbem",
    "chapter_number": null,
    "difficulty": 1,
    "syntax_focus": null,
    "is_unlocked_by_default": true
  },
  {
    "id": 8,
    "book_number": null,
    "content": "Annus quattuor tempora habet: ver, aestas, autumnus, hiems. Vere flores florent. Aestate sol calidus est. Autumno fructus maturescunt. Hieme nix cadit.",
    "grammar_focus": null,
    "min_xp_required": 0,
    "created_at": "2025-12-06 13:42:07.784577",
    "author_id": 3,
    "title": "Dē Temporibus Annī",
    "chapter_number": null,
    "difficulty": 1,
    "syntax_focus": null,
    "is_unlocked_by_default": true
  },
  {
    "id": 9,
    "book_number": null,
    "content": "Milites Romani fortes sunt. Gladios et scuta portant. Imperator milites ducit. Milites imperatori parent. Legio Romana invicta est.",
    "grammar_focus": null,
    "min_xp_required": 0,
    "created_at": "2025-12-06 13:42:07.867649",
    "author_id": 3,
    "title": "Mīles Rōmānus",
    "chapter_number": null,
    "difficulty": 1,
    "syntax_focus": null,
    "is_unlocked_by_default": true
  },
  {
    "id": 10,
    "book_number": null,
    "content": "Marcus Gaio amico suo salutem dicit. Valesne? Ego valeo. Hodie in horto lusi. Cras ad te veniam. Vale, amice!",
    "grammar_focus": null,
    "min_xp_required": 0,
    "created_at": "2025-12-06 13:42:07.932657",
    "author_id": 3,
    "title": "Epistula ad Amīcum",
    "chapter_number": null,
    "difficulty": 1,
    "syntax_focus": null,
    "is_unlocked_by_default": true
  },
  {
    "id": 11,
    "book_number": null,
    "content": "Romulus et Remus gemini erant. Lupa eos nutrivit. Postea Romulus urbem condidit. Urbs Roma vocata est. Romulus primus rex Romanorum fuit.",
    "grammar_focus": null,
    "min_xp_required": 0,
    "created_at": "2025-12-06 13:42:08.016665",
    "author_id": 4,
    "title": "Rōmulus et Remus",
    "chapter_number": null,
    "difficulty": 1,
    "syntax_focus": null,
    "is_unlocked_by_default": true
  },
  {
    "id": 12,
    "book_number": null,
    "content": "Hannibal dux Carthaginiensium fuit. Cum elephantis Alpes transiit. Romanos multis proeliis superavit. Tamen Romam capere non potuit.",
    "grammar_focus": null,
    "min_xp_required": 0,
    "created_at": "2025-12-06 13:42:08.111449",
    "author_id": 4,
    "title": "Dē Bellō Pūnicō",
    "chapter_number": null,
    "difficulty": 1,
    "syntax_focus": null,
    "is_unlocked_by_default": true
  },
  {
    "id": 13,
    "book_number": null,
    "content": "In foro cives conveniebant. Orator verba faciebat. Populus oratorem audivit. Aliqui laudaverunt, aliqui vituperaverunt. Sic erat libertas Romana.",
    "grammar_focus": null,
    "min_xp_required": 0,
    "created_at": "2025-12-06 13:42:08.217787",
    "author_id": 3,
    "title": "Vōx Populī",
    "chapter_number": null,
    "difficulty": 1,
    "syntax_focus": null,
    "is_unlocked_by_default": true
  },
  {
    "id": 14,
    "book_number": null,
    "content": "Aeneas Troia fugit. Per maria multa erravit. Tandem ad Italiam pervenit. Ibi novam patriam invenit. Romani ab Aenea oriundi sunt.",
    "grammar_focus": null,
    "min_xp_required": 0,
    "created_at": "2025-12-06 13:42:08.298023",
    "author_id": 5,
    "title": "Aenēās ad Ītaliam",
    "chapter_number": null,
    "difficulty": 1,
    "syntax_focus": null,
    "is_unlocked_by_default": true
  },
  {
    "id": 15,
    "book_number": null,
    "content": "Gallia omnis in partes tres divisa est. Unam partem Belgae incolunt, aliam Aquitani, tertiam Celtae. Hi omnes lingua et legibus differunt.",
    "grammar_focus": null,
    "min_xp_required": 0,
    "created_at": "2025-12-06 13:42:08.375864",
    "author_id": 1,
    "title": "Caesar in Galliā",
    "chapter_number": null,
    "difficulty": 1,
    "syntax_focus": null,
    "is_unlocked_by_default": true
  },
  {
    "id": 16,
    "book_number": null,
    "content": "Amicitia nihil aliud est nisi omnium divinarum humanarumque rerum cum benevolentia et caritate consensio. Sine amicitia vita nulla est.",
    "grammar_focus": null,
    "min_xp_required": 0,
    "created_at": "2025-12-06 13:42:08.476026",
    "author_id": 6,
    "title": "Cicerō dē Amīcitiā",
    "chapter_number": null,
    "difficulty": 1,
    "syntax_focus": null,
    "is_unlocked_by_default": true
  },
  {
    "id": 17,
    "book_number": null,
    "content": "Porsenna rex urbem oppugnabat. Horatius solus in ponte stetit. Hostes sustinuit dum pons a tergo solvitur. Deinde in flumen desiluit.",
    "grammar_focus": null,
    "min_xp_required": 0,
    "created_at": "2025-12-06 13:42:08.586958",
    "author_id": 7,
    "title": "Horātius in Ponte",
    "chapter_number": null,
    "difficulty": 1,
    "syntax_focus": null,
    "is_unlocked_by_default": true
  },
  {
    "id": 18,
    "book_number": null,
    "content": "Catilina rem publicam delere voluit. Cicero coniurationem detexit. In senatu orationem habuit: 'Quousque tandem abutere, Catilina, patientia nostra?'",
    "grammar_focus": null,
    "min_xp_required": 0,
    "created_at": "2025-12-06 13:42:08.682728",
    "author_id": 6,
    "title": "Catilīnae Coniūrātiō",
    "chapter_number": null,
    "difficulty": 1,
    "syntax_focus": null,
    "is_unlocked_by_default": true
  },
  {
    "id": 19,
    "book_number": null,
    "content": "Militat omnis amans, et habet sua castra Cupido. Quae bello est habilis, Veneri quoque convenit aetas. Turpe senex miles, turpe senilis amor.",
    "grammar_focus": null,
    "min_xp_required": 0,
    "created_at": "2025-12-06 13:42:08.780837",
    "author_id": 8,
    "title": "Ōvidius dē Amōre",
    "chapter_number": null,
    "difficulty": 1,
    "syntax_focus": null,
    "is_unlocked_by_default": true
  },
  {
    "id": 20,
    "book_number": null,
    "content": "Non qui parum habet, sed qui plus cupit, pauper est. Divitias non qui habet, sed qui cupit, carere potuit.",
    "grammar_focus": null,
    "min_xp_required": 0,
    "created_at": "2025-12-06 13:42:08.888266",
    "author_id": 9,
    "title": "Seneca ad Lūcīlium",
    "chapter_number": null,
    "difficulty": 1,
    "syntax_focus": null,
    "is_unlocked_by_default": true
  },
  {
    "id": 21,
    "book_number": null,
    "content": "His rebus cognitis, Caesar exercitum trans Rhenum duxit. Germani, adventu Caesaris cognito, in silvas fugerunt. Caesar pontem rescindit.",
    "grammar_focus": null,
    "min_xp_required": 0,
    "created_at": "2025-12-06 13:42:08.994970",
    "author_id": 1,
    "title": "Bellum Gallicum (Adaptātum)",
    "chapter_number": null,
    "difficulty": 1,
    "syntax_focus": null,
    "is_unlocked_by_default": true
  },
  {
    "id": 22,
    "book_number": null,
    "content": "Romulo regnante, urbs crescebat. Multi homines Romam veniebant. Romulus, senatoribus convocatis, leges tulit. Populus leges accepit.",
    "grammar_focus": null,
    "min_xp_required": 0,
    "created_at": "2025-12-06 13:42:09.086254",
    "author_id": 7,
    "title": "Ab Urbe Conditā",
    "chapter_number": null,
    "difficulty": 1,
    "syntax_focus": null,
    "is_unlocked_by_default": true
  },
  {
    "id": 23,
    "book_number": null,
    "content": "Officium est id quod faciendum est. Sunt autem officia gerenda cum dignitate. Nemo enim est qui officiis se exsolvere possit.",
    "grammar_focus": null,
    "min_xp_required": 0,
    "created_at": "2025-12-06 13:42:09.157876",
    "author_id": 6,
    "title": "Dē Officiīs",
    "chapter_number": null,
    "difficulty": 1,
    "syntax_focus": null,
    "is_unlocked_by_default": true
  },
  {
    "id": 24,
    "book_number": null,
    "content": "Hannibal Alpes transiturus erat. Milites sequendi erant. Roma defendenda erat. Victoria adipiscenda erat civibus.",
    "grammar_focus": null,
    "min_xp_required": 0,
    "created_at": "2025-12-06 13:42:09.221022",
    "author_id": 3,
    "title": "Perīphrasis",
    "chapter_number": null,
    "difficulty": 1,
    "syntax_focus": null,
    "is_unlocked_by_default": true
  },
  {
    "id": 25,
    "book_number": null,
    "content": "Cum Caesar Galliam petivisset, Helvetii de finibus suis exire constituerunt. Cum profecti essent, Caesar eos secutus est.",
    "grammar_focus": null,
    "min_xp_required": 0,
    "created_at": "2025-12-06 13:42:09.286447",
    "author_id": 3,
    "title": "Cum Historicum",
    "chapter_number": null,
    "difficulty": 1,
    "syntax_focus": null,
    "is_unlocked_by_default": true
  },
  {
    "id": 26,
    "book_number": null,
    "content": "Legati dixerunt se pacem petere. Negaverunt se bellum velle. Affirmaverunt regem suum amicum populi Romani esse.",
    "grammar_focus": null,
    "min_xp_required": 0,
    "created_at": "2025-12-06 13:42:09.382917",
    "author_id": 3,
    "title": "Ōrātiō Oblīqua",
    "chapter_number": null,
    "difficulty": 1,
    "syntax_focus": null,
    "is_unlocked_by_default": true
  },
  {
    "id": 27,
    "book_number": null,
    "content": "Si hoc feceris, laetus ero. Si hoc faceres, laetus essem. Si hoc fecisses, laetus fuissem. Condiciones diversae sunt.",
    "grammar_focus": null,
    "min_xp_required": 0,
    "created_at": "2025-12-06 13:42:09.445325",
    "author_id": 3,
    "title": "Condiciōnēs",
    "chapter_number": null,
    "difficulty": 1,
    "syntax_focus": null,
    "is_unlocked_by_default": true
  },
  {
    "id": 28,
    "book_number": null,
    "content": "Is qui sapit, felix est. Quod faciendum est, faciamus. Quae vera sunt, dicenda sunt. Quorum virtus clara est, laudandi sunt.",
    "grammar_focus": null,
    "min_xp_required": 0,
    "created_at": "2025-12-06 13:42:09.514775",
    "author_id": 3,
    "title": "Relātīvae",
    "chapter_number": null,
    "difficulty": 1,
    "syntax_focus": null,
    "is_unlocked_by_default": true
  },
  {
    "id": 29,
    "book_number": null,
    "content": "Caesar in commentariis scripsit Gallos fortes esse. Dixit se eos victurum esse. Narravit Germanos trans Rhenum habitare.",
    "grammar_focus": null,
    "min_xp_required": 0,
    "created_at": "2025-12-06 13:42:09.586034",
    "author_id": 3,
    "title": "Stīlus Indīrectus",
    "chapter_number": null,
    "difficulty": 1,
    "syntax_focus": null,
    "is_unlocked_by_default": true
  },
  {
    "id": 30,
    "book_number": null,
    "content": "Arma virumque cano, Troiae qui primus ab oris Italiam fato profugus Laviniaque venit litora. Multum ille et terris iactatus et alto.",
    "grammar_focus": null,
    "min_xp_required": 0,
    "created_at": "2025-12-06 13:42:09.694503",
    "author_id": 10,
    "title": "Vergilius: Arma virumque canō",
    "chapter_number": null,
    "difficulty": 1,
    "syntax_focus": null,
    "is_unlocked_by_default": true
  }
]