{
  "id": 37,
  "sections": [
    {
      "type": "markdown",
      "content": "\n        ## Lección 37: Ovidio y la Mitología\n        \n        ### 1. P. Ovidius Naso (43 a.C. - 17 d.C.)\n        \n        El más joven de los elegíacos. Poeta del amor (*Amores*, *Ars Amatoria*) y de los mitos (*Metamorfosis*). Murió en el exilio.\n        "
    },
    {
      "type": "image",
      "path": "static/images/curso_gramatica/leccion37_ovidio.png",
      "caption": "Ovidio: Las Metamorfosis"
    },
    {
      "type": "markdown",
      "content": "\n        ### 2. Estilo: Ingenio y Fluidez\n        \n        *   **Facilidad Versificadora**: \"Todo lo que intentaba decir se convertía en verso\".\n        *   **Narrativa Visual**: Sus descripciones son casi cinematográficas.\n        *   **Psicología Femenina**: Gran capacidad para retratar los sentimientos de sus heroínas (Heroidas).\n        \n        ### 3. Texto: Dafne y Apolo (Met. I.452)\n        \n        > *Primus amor Phoebi Daphne Peneia, quem non*\n        > *fors ignara dedit, sed saeva Cupidinis ira.*\n        \n        **Traducción**:\n        \"El primer amor de Febo (Apolo) fue Dafne, hija de Peneo, el cual no\n        lo dio el azar ignorante, sino la ira cruel de Cupido.\"\n        \n        ### 4. Vocabulario de Autor\n        *   **Amor, -oris**: amor\n        *   **Ira, -ae**: ira\n        *   **Saevus, -a, -um**: cruel, fiero\n        *   **Fors, fortis**: suerte, azar\n        *   **Ignarus, -a, -um**: ignorante\n        "
    }
  ]
}