{
  "id": 34,
  "sections": [
    {
      "type": "markdown",
      "content": "\n        ## Lección 34: Catulo y la Lírica\n        \n        ### 1. C. Valerius Catullus (84-54 a.C.)\n        \n        Líder de los *Poetae Novi* (Neotéricos). Se alejó de la épica y la política para centrarse en **el arte por el arte** y los **sentimientos personales**.\n        "
    },
    {
      "type": "image",
      "path": "static/images/curso_gramatica/leccion34_catulo.png",
      "caption": "Catulo y Lesbia: El Odio y el Amor"
    },
    {
      "type": "markdown",
      "content": "\n        ### 2. Estilo: Pasión y Erudición\n        \n        *   **Endecasílabo Falecio**: Su metro favorito (11 sílabas).\n        *   **Diminutivos**: Uso afectivo (*libellus, ocellus*).\n        *   **Coloquialismos**: Lenguaje de la calle mezclado con mitología griega.\n        *   **Lesbia**: Pseudónimo de su amada Clodia.\n        \n        ### 3. Texto: Odi et Amo (Carmen 85)\n        \n        Dos versos que resumen la complejidad del amor:\n        \n        > *Odi et amo. Quare id faciam, fortasse requiris.*\n        > *Nescio, sed fieri sentio et excrucior.*\n        \n        **Traducción**:\n        \"Odio y amo. Por qué hago esto, quizás preguntas.\n        No lo sé, pero siento que sucede y me torturo.\"\n        \n        ### 4. Vocabulario de Autor\n        *   **Odi** (defectivo): odiar\n        *   **Requiro, -ere**: preguntar, buscar\n        *   **Fio, fieri**: suceder, hacerse\n        *   **Sentio, -ire**: sentir\n        *   **Excrucior, -ari**: ser torturado (crucificado)\n        "
    }
  ]
}