{
  "id": 24,
  "sections": [
    {
      "type": "markdown",
      "content": "\n        ## Lección 24: Conjugaciones Perifrásticas\n        \n        ### 1. ¿Qué es una Perifrástica?\n        \n        Una conjugación perifrástica es un rodeo (\"perífrasis\") para expresar matices que los tiempos normales no tienen, como **intención** o **obligación**.\n        \n        Se forman con un **Participio** + el verbo **SUM**.\n        \n        "
    },
    {
      "type": "markdown",
      "content": "\n        ### 2. Perifrástica Activa (Intención)\n        \n        Expresa **intención** de hacer algo o un **futuro inminente**.\n        \n        **Fórmula**: Participio de Futuro Activo (*-urus, -a, -um*) + *SUM*.\n        \n        *   **Presente**: *Amaturus sum* -> **Voy a amar** / Tengo intención de amar.\n        *   **Imperfecto**: *Amaturus eram* -> **Iba a amar** / Tenía intención de amar.\n        *   **Futuro**: *Amaturus ero* -> **Estaré a punto de amar**.\n        *   **Subjuntivo**: *Amaturus sim* -> (Que) vaya a amar.\n        \n        > **Ejemplo clásico**: *Ave, Caesar, **morituri sumus**.* (Los que vamos a morir...).\n        \n        ### 3. Perifrástica Pasiva (Obligación)\n        \n        Expresa **obligación** o **necesidad**. Es muy común y potente.\n        \n        **Fórmula**: Gerundivo (*-ndus, -a, -um*) + *SUM*.\n        \n        #### A. Construcción Personal (con Sujeto)\n        El sujeto \"debe ser\" algo.\n        \n        *   *Hic liber **legendus est**.*\n            *   Este libro **debe ser leído** (por alguien).\n            *   -> **Hay que leer** este libro.\n        *   *Virtus **colenda est**.*\n            *   La virtud **debe ser cultivada**.\n        \n        #### B. Construcción Impersonal (sin Sujeto, verbos intransitivos)\n        Se usa el neutro singular (*-ndum est*).\n        \n        *   ***Nunc est bibendum**.* (Horacio)\n            *   Ahora **se debe beber** / Ahora **hay que beber**.\n        *   ***Pugnandum est**.*\n            *   **Hay que luchar**.\n        \n        ### 4. El Dativo Agente\n        \n        En la Perifrástica Pasiva, la persona QUE tiene la obligación no va en Ablativo (con *a/ab*), sino en **DATIVO**.\n        \n        *   *Liber **mihi** legendus est.*\n            *   Literal: El libro debe ser leído **para mí**.\n            *   Traducción: **Yo debo leer** el libro. / **Tengo que leer** el libro.\n        \n        *   *Carthago **nobis** delenda est.*\n            *   Cartago debe ser destruida **por nosotros**.\n            *   -> **Debemos destruir** Cartago.\n        \n        ### 5. Ejercicios de Traducción\n        \n        Traduce estas oraciones con matiz de obligación o intención:\n        \n        1.  *Bellum **gesturi sumus**.*\n            *   Perifrástica Activa (Part. Futuro).\n            *   -> **Vamos a hacer** la guerra / Tenemos intención de hacer la guerra.\n        \n        2.  *Pacta **servanda sunt**.*\n            *   Perifrástica Pasiva (Gerundivo).\n            *   -> Los pactos **deben ser cumplidos** (o conservados).\n        \n        3.  *Hoc **tibi faciendum est**.*\n            *   Perifrástica Pasiva + Dativo Agente (*tibi*).\n            *   -> Esto debe ser hecho **por ti**.\n            *   -> **Tú tienes que hacer** esto.\n\n        4.  ***Scripturus sum** epistulam.*\n            *   Perifrástica Activa.\n            *   -> **Voy a escribir** una carta / Estoy a punto de escribir una carta.\n\n        5.  ***Delenda est Carthago**.* (Catón el Viejo)\n            *   Perifrástica Pasiva.\n            *   -> Cartago **debe ser destruida**.\n\n        6.  ***Nunc est bibendum**.* (Horacio)\n            *   Perifrástica Pasiva Impersonal.\n            *   -> Ahora **hay que beber** (es momento de celebrar).\n        \n        ### Vocabulario Esencial\n        *   **Gero, gerere**: llevar a cabo, hacer (guerra)\n        *   **Servo, servare**: guardar, cumplir, conservar\n        *   **Colo, colere**: cultivar, honrar\n        *   **Deleo, delere**: destruir\n        "
    }
  ]
}