{
  "id": 33,
  "sections": [
    {
      "type": "markdown",
      "content": "\n        ## Lección 33: Salustio y la Historiografía\n        \n        ### 1. C. Sallustius Crispus (86-34 a.C.)\n        \n        Salustio creó la **monografía histórica**. Se centró en la corrupción moral de Roma que llevó al fin de la República.\n        "
    },
    {
      "type": "image",
      "path": "static/images/curso_gramatica/leccion33_salustio.png",
      "caption": "Salustio: El Historiador Moralista"
    },
    {
      "type": "markdown",
      "content": "\n        ### 2. Estilo: *Inconcinnitas* y Arcaísmo\n        \n        Salustio se opone al estilo de Cicerón:\n        *   **Brevitas**: Concisión extrema, a veces oscura.\n        *   **Inconcinnitas**: Evita la simetría deliberadamente para sorprender.\n        *   **Arcaísmos**: Usa palabras antiguas para dar gravedad (*optumus* en vez de *optimus*).\n        *   **Infinitivo Histórico**: Usa infinitivos como verbos principales para dar rapidez.\n        \n        ### 3. Texto: Retrato de Catilina (5.1)\n        \n        > *Lucius Catilina, nobili genere natus, fuit magna vi et animi et corporis, sed ingenio malo pravoque.*\n        \n        **Traducción**:\n        \"Lucio Catilina, nacido de noble linaje, fue de gran fuerza tanto de espíritu como de cuerpo, pero de carácter malo y depravado.\"\n        \n        ### 4. Vocabulario de Autor\n        *   **Ingenium, -ii**: carácter, talento natural\n        *   **Pravus, -a, -um**: torcido, depravado\n        *   **Inedia, -ae**: falta de comida, ayuno\n        *   **Algor, -oris**: frío\n        *   **Vigilia, -ae**: falta de sueño, guardia\n        "
    }
  ]
}