{
  "id": 29,
  "sections": [
    {
      "type": "markdown",
      "content": "\n        ## Lección 29: Estilo Indirecto (Oratio Obliqua)\n        \n        ### 1. ¿Qué es la Oratio Obliqua?\n        \n        Es referir las palabras de otro **sin citarlas textualmente**.\n        *   **Directo**: César dijo: \"Voy a Roma\".\n        *   **Indirecto**: César dijo **que él iba a Roma**.\n        \n        En latín, esto provoca una **transformación gramatical masiva** en toda la oración.\n        \n        ---\n        \n        ### 2. Reglas de Transformación\n        \n        "
    },
    {
      "type": "markdown",
      "content": "\n        \n        ### 3. Transformación Detallada\n        \n        #### A. Oraciones Principales (Aseverativas)\n        Pasan a la construcción de **Acusativo con Infinitivo (AcI)**.\n        \n        *   Directo: *\"Romani fortes **sunt**.\"*\n        *   Indirecto: *Dicit **Romanos** fortes **esse**.*\n        \n        #### B. Oraciones Principales (Imperativas / Desiderativas)\n        Pasan a **Subjuntivo**.\n        \n        *   Directo: *\"**Veni**, Caesar!\"*\n        *   Indirecto: *Orat Caesarem **ut veniat**.* (Le ruega que venga).\n        \n        #### C. Oraciones Subordinadas\n        Todos los verbos de las oraciones subordinadas pasan a **SUBJUNTIVO**.\n        \n        *   Directo: *\"Romani, **qui** fortes **sunt**, vincunt.\"*\n        *   Indirecto: *Dicit Romanos, **qui** fortes **sint**, vincere.*\n        \n        ---\n        \n        ### 4. Ejemplo Completo de Transformación\n        \n        **Texto Original (Directo):**\n        > *\"Ariovistus respondit: Ego in Galliam non veni, sed Galli ad me venerunt. Si quid vultis, pugnate!\"*\n        \n        **Texto Indirecto (César, De Bello Gallico):**\n        > *Ariovistus respondit:*\n        > 1.  **se** in Galliam non **venisse** (AcI - Inf. Perf),\n        > 2.  sed **Gallos** ad **se** **venisse** (AcI - Inf. Perf).\n        > 3.  **Si** quid **vellent** (Subj. Imp - Subordinada), **pugnarent** (Subj. Imp - Imperativo transformado).\n        \n        ---\n        \n        ### 5. La Consecutio Temporum en Estilo Indirecto\n        \n        Como todo pasa a Subjuntivo o Infinitivo, la referencia temporal depende del verbo introductor (*Dicit* vs *Dixit*).\n        \n        *   *Dicit se id facere **quod vellet**.* (Dice que hace lo que quiere).\n        \n        ---\n        \n        ### 6. Ejercicios de Práctica\n        \n        Pasa a Estilo Indirecto dependiendo de *Dicit* (Dice):\n        \n        1.  *\"Puer currit.\"*\n            *   → *Dicit **puerum currere**.*\n        \n        2.  *\"Ego laetus sum.\"*\n            *   → *Dicit **se** laetum **esse**.*\n        \n        3.  *\"Milites, qui pugnant, vincunt.\"*\n            *   → *Dicit **milites**, qui **pugnent**, **vincere**.*\n        \n        ---\n        \n        ### 7. Ejemplo Completo de Análisis\n        \n        **Texto**: *Caesar dixit se, postquam hostes vicisset, Romam venturum esse.*\n        \n        *   **Verbo introductor**: *Dixit* (Dijo) → Tiempo histórico.\n        *   **Oración Principal Indirecta**: *se ... Romam venturum esse*.\n            *   *se*: Sujeto (César) en Acusativo.\n            *   *venturum esse*: Infinitivo Futuro (Posterioridad).\n            *   → \"Que él vendría a Roma\".\n        *   **Oración Subordinada**: *postquam hostes vicisset*.\n            *   *vicisset*: Pluscuamperfecto Subjuntivo.\n            *   ¿Por qué Pluscuamperfecto?\n                *   1. Subjuntivo por Estilo Indirecto.\n                *   2. Pluscuamperfecto por **Anterioridad** respecto a un tiempo histórico (*Dixit*).\n            *   → \"Después de que hubiera vencido a los enemigos\".\n        \n        **Traducción final**: César dijo que él, después de haber vencido a los enemigos, vendría a Roma.\n        \n        ---\n        \n        ### Vocabulario Esencial\n        *   **Aio / Inquam**: decir (defectivos, usados en directo)\n        *   **Dico, dicere**: decir\n        *   **Nego**: decir que no, negar\n        *   **Respondeo**: responder\n        *   **Nuntio**: anunciar\n        *   **Polliceor**: prometer (+ AcI Futuro)\n        "
    }
  ]
}