{
  "id": 36,
  "sections": [
    {
      "type": "markdown",
      "content": "\n        ## Lección 36: Horacio y las Odas\n        \n        ### 1. Q. Horatius Flaccus (65-8 a.C.)\n        \n        Amigo de Virgilio y protegido de Mecenas. Es el maestro de la lírica reflexiva y la sátira.\n        "
    },
    {
      "type": "image",
      "path": "static/images/curso_gramatica/leccion36_horacio.png",
      "caption": "Horacio: El Poeta del Carpe Diem"
    },
    {
      "type": "markdown",
      "content": "\n        ### 2. Estilo: *Curiosa Felicitas*\n        \n        *   **Curiosa Felicitas**: La \"dicha cuidadosamente buscada\". Perfección técnica que parece natural.\n        *   **Aurea Mediocritas**: El ideal del \"dorado término medio\", la moderación.\n        *   **Temas**: El paso del tiempo, el vino, la amistad, la vida sencilla.\n        \n        ### 3. Texto: Carpe Diem (Odas I.11)\n        \n        > *Carpe diem, quam minimum credula postero.*\n        \n        **Traducción**:\n        \"Aprovecha el día, confiando lo menos posible en el mañana.\"\n        (Literalmente: \"Cosecha el día...\")\n        \n        ### 4. Vocabulario de Autor\n        *   **Carpo, -ere, carpsi**: arrancar, cosechar, aprovechar\n        *   **Credulus, -a, -um**: crédulo, confiado\n        *   **Posterus, -a, -um**: siguiente, futuro\n        *   **Aetas, -atis**: edad, tiempo, vida\n        *   **Fugio, -ere**: huir\n        "
    }
  ]
}